rollout/agents_survived,time/total_timesteps,rollout/ep_len_mean,rollout/tran_total,rollout/tran_mean,rollout/tel_mean,rollout/tel_total,rollout/steps,rollout/distance_travelled,rollout/ep_rew_mean,time/fps,time/time_elapsed,rollout/exploration_rate,rollout/ho_prob,time/episodes
1,39,9.75,9.264798145908664,0.7126767804545125,0.8951867778626633,11.637428112214623,13,358.0318252436543,19.826306499999998,29,1,0.259,0.6923076923076923,4
1,67,8.375,4.266666666666667,0.7111111111111111,1.0379613228683973,6.227767937210383,6,174.03456354871534,18.049158249999998,29,2,0.05,0.5,8
1,94,7.833333333333333,1.5306296327391165,0.7653148163695582,0.16614453175762253,0.33228906351524506,2,79.33903420464304,20.075859166666664,29,3,0.05,0.5,12
